Maladie,Belief,Plausibility,Uncertainty
Grippe,0.8438155136268345,0.8962264150943398,0.052410901467505266
Rhume,0.05310971348707198,0.09294199860237595,0.03983228511530397
COVID-19,0.0440251572327044,0.06289308176100629,0.01886792452830189
Allergie,0.006638714185883999,0.046470999301187976,0.03983228511530398
