Probleme,Belief,Plausibility,Uncertainty
Surchauffe CPU,0.9283387622149839,0.9713921540858237,0.043053391870839786
Disque Dur Defaillant,0.019260727942217823,0.06458008780625976,0.04531935986404194
Probleme Logiciel,0.00538167398385498,0.0269083699192749,0.02152669593541992
RAM Defaillante,0.0016994759949015726,0.008497379974507863,0.00679790397960629
